song_id,title,artist,album,duration,popularity,release_date
2qSkIjg1o9h3YT9RAgYN75,Espresso,Sabrina Carpenter,Espresso,175,100,2024-04-12
2HYFX63wP3otVIvopRS99Z,Houdini,Eminem,Houdini,227,0,2024-05-31
7iabz12vAuVQYyekFIWJxD,BAND4BAND (feat. Lil Baby),Central Cee,BAND4BAND (feat. Lil Baby),140,85,2024-05-23
5fZJQrFKWQLb7FpJXZ1g7K,A Bar Song (Tipsy),Shaboozey,"Where I've Been, Isn't Where I'm Going",171,11,2024-05-31
6dOtVTDdiauQNBQEDOtlAB,BIRDS OF A FEATHER,Billie Eilish,HIT ME HARD AND SOFT,210,94,2024-05-17
5Z0UnEtpLDQyYlWwgi8m9C,Too Sweet,Hozier,Unreal Unearth: Unheard,251,90,2024-03-22
629DixmZGHc7ILtEntuiWE,LUNCH,Billie Eilish,HIT ME HARD AND SOFT,179,96,2024-05-17
7fzHQizxTqy8wTXwlrgPQQ,MILLION DOLLAR BABY,Tommy Richman,MILLION DOLLAR BABY,155,99,2024-04-26
7221xIgOnuakPdLqT0F3nP,I Had Some Help (Feat. Morgan Wallen),Post Malone,I Had Some Help,178,96,2024-05-10
3Vr3zh0r7ALn8VLqCiRR10,Stargazing,Myles Smith,Stargazing,172,89,2024-05-10
3xkHsmpQCBMytMJNiDf3Ii,Beautiful Things,Benson Boone,Fireworks & Rollerblades,180,91,2024-04-05
2uqYupMHANxnwgeiXTZXzd,Austin (Boots Stop Workin'),Dasha,What Happens Now?,171,92,2024-02-16
0mflMxspEfB0VbI1kyLiAv,Stick Season,Noah Kahan,Stick Season,182,92,2022-10-14
6AI3ezQ4o3HUoP6Dhudph3,Not Like Us,Kendrick Lamar,Not Like Us,274,98,2024-05-04
2GxrNKugF82CnoRFbQfzPf,i like the way you kiss me,Artemas,i like the way you kiss me,142,98,2024-03-19
17phhZDn6oGtzMe56NuWvj,Lose Control,Teddy Swims,I've Tried Everything But Therapy (Part 1),210,92,2023-09-15
7BRD7x5pt8Lqa1eGYC4dzj,CHIHIRO,Billie Eilish,HIT ME HARD AND SOFT,303,95,2024-05-17
2OzhQlSqBEmt7hmkYxfT6m,Fortnight (feat. Post Malone),Taylor Swift,THE TORTURED POETS DEPARTMENT,228,95,2024-04-18
5uQ7de4EWjb3rkcFxyEOpu,Belong Together,Mark Ambor,Belong Together,148,92,2024-02-16
51eSHglvG1RJXtL3qI5trr,Slow It Down,Benson Boone,Fireworks & Rollerblades,161,90,2024-04-05
0WbMK4wrZ1wFSty9F7FCgu,"Good Luck, Babe!",Chappell Roan,"Good Luck, Babe!",218,91,2024-04-05
3Pbp7cUCx4d3OAkZSCoNvn,Scared To Start,Michael Marcagi,Scared To Start,159,90,2024-01-12
4q5YezDOIPcoLr8R81x9qy,I Can Do It With a Broken Heart,Taylor Swift,THE TORTURED POETS DEPARTMENT,218,90,2024-04-18
59NraMJsLaMCVtwXTSia8i,Prada,cassö,Prada,132,88,2023-08-11
3QaPy1KgI7nu9FJEQUgn6h,WILDFLOWER,Billie Eilish,HIT ME HARD AND SOFT,261,91,2024-05-17
3qhlB30KknSejmIvZZLjOD,End of Beginning,Djo,DECIDE,159,96,2022-09-16
51ZQ1vr10ffzbwIjDCwqm4,we can't be friends (wait for your love),Ariana Grande,eternal sunshine,228,93,2024-03-08
1BxfuPKGuaTgP7aM0Bbdwr,Cruel Summer,Taylor Swift,Lover,178,94,2019-08-23
003vvx7Niy0yvhvHt4a68B,Mr. Brightside,The Killers,Hot Fuss,222,87,2004
4Na2HfNSr58chvfX69fy36,one of wun,Gunna,One of Wun,144,85,2024-05-10
4ZJ4vzLQekI0WntDbanNC7,Pink Skies,Zach Bryan,Pink Skies,194,84,2024-05-24
1TcF5F10EN17vraisG1gQv,Happier (feat. Clementine Douglas),The Blessed Madonna,Happier (feat. Clementine Douglas),170,76,2024-02-02
3U5JVgI2x4rDyHGObzJfNf,Unwritten,Natasha Bedingfield,Unwritten,259,90,2004-08-30
2prqm9sPLj10B4Wg0wE5x9,BLUE,Billie Eilish,HIT ME HARD AND SOFT,343,90,2024-05-17
6fPan2saHdFaIHuTSatORv,L’AMOUR DE MA VIE,Billie Eilish,HIT ME HARD AND SOFT,333,90,2024-05-17
6kopmMZiyLmw7h66uXcXR7,Valerie (feat. Amy Winehouse) - Version Revisited,Mark Ronson,Version,219,83,2007-04-16
7wLShogStyDeZvL0a6daN5,TEXAS HOLD 'EM,Beyoncé,COWBOY CARTER,233,83,2024-03-29
7leW1Dmvs9A4oDh9i5Qwpz,These Words,Badger,These Words,136,83,2024-04-05
0LMwmV37RCmBO2so0szAFs,Whatever,Kygo,Whatever,178,88,2024-01-19
4Dvkj6JhhA12EX05fT7y2e,As It Was,Harry Styles,Harry's House,167,92,2022-05-20
6TGd66r0nlPaYm3KIoI7ET,THE GREATEST,Billie Eilish,HIT ME HARD AND SOFT,293,89,2024-05-17
3rUGC1vUpkDG9CZFHMur1t,greedy,Tate McRae,greedy,131,93,2023-09-15
561pBFcFL2Pwb9HPO9tU8J,places to be,Fred again..,places to be,226,44,2024-05-31
36t6frENUtCYKuZus6aYDO,Who’s Afraid of Little Old Me?,Taylor Swift,THE TORTURED POETS DEPARTMENT,334,84,2024-04-18
2F3N9tdombb64aW6VtZOdo,Down Bad,Taylor Swift,THE TORTURED POETS DEPARTMENT,261,87,2024-04-18
6me7F0aaZjwDo6RJ5MrfBD,Evergreen,Richy Mitch & The Coal Miners,RMCM,87,89,2017-05-17
2tudvzsrR56uom6smgOcSf,Like That,Future,WE DON'T TRUST YOU,267,94,2024-03-22
1CsMKhwEmNnmvHUuO5nryA,SKINNY,Billie Eilish,HIT ME HARD AND SOFT,219,90,2024-05-17
331l3xABO0HMr1Kkyh2LZq,I Don't Wanna Wait,David Guetta,I Don't Wanna Wait,149,88,2024-04-05
2Zo1PcszsT9WQ0ANntJbID,Feather,Sabrina Carpenter,emails i can’t send fwd:,185,90,2023-03-17
3oPMkgBRDSRt83Y9kFLiej,BBL Drizzy,Santea2,BBL Drizzy,214,0,2024-05-06
1o9JJeBKlVxQ9O4j5Qd4Vh,Give Me Everything - Stripped Down,Archer Marsh,Sequēns,132,62,2022-12-01
2wCgQVCF0jhDWiNTFjti7b,A Little Closer,Diffrent,A Little Closer,175,64,2024-05-10
1Xevt8UUzfEm17ewfSdsiF,No Face,Ghostface Killah,Set The Tone (Guns & Roses),275,64,2024-05-10
00Srvq2BtgG9afXY9kzB1V,GANG,Kairo Keyz,GANG,113,71,2024-05-10
6NjWCIYu1W8xa3HIvcIhd4,Nasty,Tinashe,Nasty,176,77,2024-04-12
39zWzcFnV4yVcl8fH3MZbe,Bbl Drizzy,Santea2,Bbl Drizzy,204,52,2024-05-05
2JXW2OlIDUvv33z3u3AHKL,CC Freestyle,CCBlock,CC Freestyle,149,0,2024-05-09
1aHy1ipWQRNauI0ee9uYfi,Fall Back,Lithe,Fall Back / Selfish Game,129,86,2024-03-21
1bJRd2ey6ER7neSxZwYdAG,Kisses (feat. bbyclose),BL3SS,Kisses (feat. bbyclose),138,65,2024-03-22
33oyHkoS7H92RWsecOKn6u,Set My Heart On Fire (I'm Alive x And The Beat Goes On),Majestic,Set My Heart On Fire (I'm Alive x And The Beat Goes On),179,72,2024-05-03
7ki0Q2nYTBhVxZvqLLDp5W,Barbaras Rhabarberbar,Bodo Wartke,Zungenbrecher 4.0 - Staffel 4,85,71,2023-12-15
48lxT5qJF0yYyf2z4wB4xW,Pedro,Jaxomy,Pedro,144,91,2024-03-29
4I1cbxHQdui27mPGHPXXMO,Couldn't Care Less (feat. Gia Koka),ALTÉGO,Couldn't Care Less (feat. Gia Koka),145,70,2024-05-10
1zOgXnODZUp87IGbF3b8YB,HIND'S HALL,Macklemore,HIND'S HALL,168,79,2024-05-10
3bdlwCZm9O5LP33Smf3i5b,Princess Cuts My Wrist,Sickboyrari,City Of Doves,193,72,2014-05-21
55ikcenXPbQdzCnO1sOuYg,I Was Made For Lovin’ You - from The Fall Guy,YUNGBLUD,I Was Made For Lovin' You (from The Fall Guy),261,71,2024-04-26
4sgMbwl9lXGyHcHmtFYGMm,Supernova,aespa,Armageddon - The 1st Album,178,65,2024-05-27
4uTGJvLu4HWSgtqav9j6E1,Nightshift,Charlotte Plank,Nightshift,173,59,2024-05-10
5VZ0soW5syQfefCUj603DW,MASHA ULTRAFUNK,HISTED,MASHA ULTRAFUNK,93,80,2024-03-07
0uHrMbMv3c78398pIANDqR,Europapa,Joost,Europapa,160,87,2024-02-29
4hFLAgCvQdngAtIhb3KaVI,Ome Robert,Joost,Albino,152,73,2019-01-18
4pcEACnm3ZfZNNepcxCT0c,Simmer Down,Casper Walsh,Simmer Down,183,66,2024-04-05
5gxxUWHUFX9r24V23GJhzI,Islands (kompa pasión),фрози,Islands (kompa pasión),126,72,2024-04-26
47hsUYxvbTlBAN3sP9dEOd,Love Me JeJe,Tems,Love Me JeJe,178,81,2024-04-25
1xeIvccuZq4DiqqmZDSbAg,Ronald,Falling In Reverse,Ronald,196,77,2024-05-07
6XjDF6nds4DE2BBbagZol6,Gata Only,FloyyMenor,Gata Only,222,98,2024-02-02
1EjIXKhNHI00ZLMRpS8iz8,The Code,Nemo,The Code,180,85,2024-02-29
4D7db0sTmEWYf9aAzCJl9c,"Aw, Shoot!",CMAT,"Aw, Shoot!",208,55,2024-05-07
3htu3gsrxm2SluQk3WXnXA,Jealous,Shimmer,Jealous,213,40,2021-10-22
73c7iqH4lCVqu4tm66i0tY,Risk,Gracie Abrams,Risk,191,83,2024-05-01
6UTXf9k0H3JDus2ZZDwGpC,Favourite Girl,Darkoo,Favourite Girl,156,68,2024-05-02
62HKW77nt6tudsIHXT2A0M,Come back to me,RM,"Right Place, Wrong Person",388,75,2024-05-24
7ddVpLW467CLYffbPRQNmH,Take A Bite,beabadoobee,Take A Bite,158,78,2024-05-09
52EjKsvP7ivASaiyP7WpAv,Females Lingo,Bsav GP,Females Lingo,188,58,2024-04-29
7Mg5CBO37Rifk2RyDJ8fzd,Boogieman,EBK Jaaybo,Boogieman,131,77,2024-04-24
1kJK2dkXbMw8yOMFEuJUm7,FromHere (feat. Snoop Dogg & October London),NxWorries,FromHere (feat. Snoop Dogg & October London),241,65,2024-05-14
4xdBrk0nFZaP54vvZj0yx7,HOT TO GO!,Chappell Roan,The Rise and Fall of a Midwest Princess,184,83,2023-09-22
7b8Z1GU2plJy3aASZTiolF,Friesenjung,Ski Aggu,denk mal drüber nach...,146,75,2023-10-12
5zCnGtCl5Ac5zlFHXaZmhy,"Sajni (From ""Laapataa Ladies"")",Ram Sampath,"Sajni (From ""Laapataa Ladies"")",170,80,2024-02-12
